west_levantine = {
	color = hsv { 0.75 0.9 0.73 }

	primary = archers
	second = spearmen
	flank = light_cavalry

	primary_navy = tetrere
	secondary_navy = hexere
	flank_navy = liburnian

	levy_template = levy_west_levantine


	male_names = {
		Abdmelqart Abd_osir Adoniba_l Ahiram Azimilk Ba_l Ba_lhanon
		Bod_ashtart Bodo Bodmelqart Kelbe
		Germelqart Hanno Azrubal Hiram Magon
		Mittun Milkiram
		Pilletba_l Pilles Abdhamon Abiba_l Eshmunyaton
		Ittoba_l
		Am_ashtart Uromilk Yehomilk Ba_lyaton Birrekba_l Gerba_l
		Gerimilk Hilletzba_l Tabnit
		Milkyaton Eshmun_adon Aderba_l
		Eshmun_azor Bod_eshmun Binhodesh
		Ba_lmalok Ba_l_azor Ba_lshamor Ger_adon Gero
		Ger_ashtart Ziboq Hanniba_l Yaton Yatonba_l Yatonmilk
		Yatontzid Melqart_amos
		Abdo Abd_elim Abd_eshmun Abdba_l Abdmilk Abdmilkot Abd_ashtart
		Azba_l Azorba_l Akbor Pumayyaton Shalom
	}
	female_names = {
		Abd_osir Am_ashtart Amot_osir Amotba_l
		Amot_ashtart Asep_adon Arishtiba_l Bitno_m
		Bitshalom Dido Ishshot Tamar Hanna_ashtart
		Izebel El_ishshot
		Mittunpumay
		Ammati_ashtart
		Tzaponi Shemzebel Zibqot Akbarot
	}
	family = {
		Abdoni.Abdonit.Abdonid.Abdonid
		Abd_osiri.Abd_osirit.Abd_osirid.Abd_osirid
		Ahirami.Ahiramit.Ahiramid.Ahiramid
		Akbari.Akbarit.Akbarid.Akbarid
		Ba_li.Ba_lit.Ba_lid.Ba_lid
		ha-Barq.ha-Barq.Barqid.Barqid
		Binhodshi.Binhodshit.Binhodshid.Binhodshid
		Birreki.Birrekit.Birrekid.Birrekid
		Bodoni.Bodonit.Bodonid.Bodonid
		Gerba_li.Gerba_lit.Gerba_lid.Gerba_lid
		Geroni.Geronit.Geronid.Geronid
		Hannoni.Hannonit.Hannonid.Hannonid
		Hilletzi.Hilletzit.Hilletzid.Hilletzid
		Hirami.Hiramit.Hiramid.Hiramid
		Kilbayyi.Kilbayyit.Kilbayyid.Kilbayyid
		Magoni.Magonit.Magonid.Magonid
		Milki.Milkit.Milkid.Milkid
		Milkirami.Milkiramit.Milkiramid.Milkiramid
		Mittuni.Mittunit.Mittunid.Mittunid
		Pillesi.Pillesit.Pillesid.Pillesid
		Pumayyi.Pumayyit.Pumayyid.Pumayyid
		Shalomi.Shalomit.Shalomid.Shalomid
		Tabniti.Tabnitit.Tabnitid.Tabnitid
		Uromilki.Uromilkit.Uromilkid.Uromilkid
		Yehomilki.Yehomilkit.Yehomilkid.Yehomilkid
		Yatoni.Yatonit.Yatonid.Yatonid
		Arwadi.Arwadit.Arwadi.Arwadi
		Gubali.Gubalit.Gubali.Gubali
		Tsidoni.Tsidonit.Tsidoni.Tsidoni
		Tsuri.Tsurit.Tsuri.Tsuri
		Atari.Atarit.Atari.Atari
		Be_ruti.Be_rutit.Be_ruti.Be_ruti
		Alashayyi.Alashayyit.Alashayyi.Alashayyi
		Ashqaloni.Ashqalonit.Ashqaloni.Ashqaloni
	}
	culture = {
		carthaginian = {
			levy_template = levy_punic

			male_names = {
				Abdmelqart Abd_osir Adoniba_l Ahiram Azimilk Ba_lhanno Ba_lhilletz Bod_ashtart
				Bodo Bodmelqart Bomilqar Bostar Erkruh Qart_alotz Kilbo
				Ishba_l Germelqart Hanmelqart Hanniba_l Hanno Azruba_l Himilko Himilkot Hiram Magon
				Mittun Milkherem Milkiram
				Pilles Gersakun Giskon Malok Abiba_l Eshmunhilletz Eshmunyaton
				Am_ashtart Melqartshamo_ Urumilk Yado_milk Ba_lyaton Birrekba_l Gerba_l Hilletzba_l
				Zimr_adon Zimri
				Kanmi Maharba_l Milkpilles Melqartpilles Milkyaton Eshmun_adon Mittun_elim Aderba_l
				Eshmun_azor Eshmun_amos Bod_eshmun Banno Binhodesh
				Ba_lmalok Ba_l_azor Ba_l_amos Ba_lshillek Ba_lshamor Birrek Girgesh Ger_eshmun Gero
				Ger_adon Ger_ashtart Germeskar Ziboq Himilk Hannoba_l Yeho_alon Yaton Yatonba_l
				Yatonmilk
				Yatontzid Kabod Kishor Kinnash Labi_ Milkhilletz Melqarthilletz Melqart_amos Na_im_el
				Abdo Abd_elim Abd_eshmun Abdba_l Abdmilk Abdmilkot Abd_ashtart Abdtzid
				Azba_l Azorba_l Akbor Pumayyaton Shalom Shamorba_l Masop Abd_arish Alsho Arish Pado
				Tzaloh Qenaz Yeshshid Shapot Shatzop Shardin Yubay
			}
			female_names = {
				Abd_osir Am_eshmun Ammilk Ammilkot Am_ashtart Amotba_l Amotmilk Amotmelqart
				Amot_ashtart Arishtiba_l Ba_li_ezbul Bit_eshmun Bitba_l Bitna_imot
				Bitshalom Dido Erkruh Ishshot Giddino_m Tzaponiba_l Tamar Huldot Huld_el Hotmilk
				Hotmilkot Izebel Elishat Kabodot Kibbed_ashtart Mittun_el
				Mittun_elim Mittunba_l Mittunnu_mot No_mgiddi No_mmilkot Ammi_eshmun Ammi_ashtart
				Ammatiba_l Ammatimilk Ammatimelqart Ammati_ashtart Inabiba_l
				Tzaponi Shatna_imot Bannot Birrekot Girgeshit Zibqot Kinnashit Labi_ot Akbarot
				Azzattannit Alshot Arishot Padot Shatzapot Shardinot
			}
			family = {
				Abd_osiri.Abd_osirit.Abd_osirid.Abd_osirid
				Ahirami.Ahiramit.Ahiramid.Ahiramid
				Ybbarq.Ybbarq.Barqid.Barqid
				Bodoni.Bodonit.Bodonid.Bodonid
				Bostari.Bostarit.Bostarid.Bostarid
				Hirami.Hiramit.Hiramid.Hiramid
				Kilbayyi.Kilbayyit.Kilbayyid.Kilbayyid
				Ishba_li.Ishba_lit.Ishba_lid.Ishba_lid
				Hannoni.Hannonit.Hannonid.Hannonid
				Magoni.Magonit.Magonid.Magonid
				Malki.Malkit.Malkid.Malkid
				Mittuni.Mittunit.Mittunid.Mittunid
				Milkirami.Milkiramit.Milkiramid.Milkiramid
				Giskoni.Giskonit.Giskonid.Giskonid
				Gerba_li.Gerba_lit.Gerba_lid.Gerba_lid
				Zimri.Zimrit.Zimrid.Zimrid
				Bannoni.Bannonit.Bannonid.Bannonid
				Birreki.Birrekit.Birrekid.Birrekid
				Geroni.Geronit.Geronid.Geronid
				Yatoni.Yatonit.Yatonid.Yatonid
				Kabodi.Kabodit.Kabodid.Kabodid
				ha-Labi'.ha-Labi'ot.Labi_id.Labi_id
				Abdoni.Abdonit.Abdonid.Abdonid
				Shalomi.Shalomit.Shalomid.Shalomid
				Arwadi.Arwadit.Arwadi.Arwadi
				Gubali.Gubalit.Gubali.Gubali
				Tsidoni.Tsidonit.Tsidoni.Tsidoni
				Tsuri.Tsurit.Tsuri.Tsuri
				Atari.Atarit.Atari.Atari
				Be_ruti.Be_rutit.Be_ruti.Be_ruti
				Alashayyi.Alashayyit.Alashayyi.Alashayyi
				Ashqaloni.Ashqalonit.Ashqaloni.Ashqaloni
				Korsi.Korsit.Korsi.Korsi
				Shardin.Shardit.Shardin.Shardin
				Shiqel.Shiqelt.Shiqel.Shiqel
				Qarthadashti.Qarthadashtit.Qarthadashti.Qarthadashti
				Adrumeti.Adrumetit.Adrumeti.Adrumeti
				Ipponi.Ipponit.Ipponi.Ipponi
				Atiqi.Atiqit.Atiqi.Atiqi
				Gaderi.Gaderit.Gaderi.Gaderi
				Lepqayyi.Lepqayyit.Lepqayyi.Lepqayyi
				Mashshuli.Mashshulit.Mashshuli.Mashshuli
				Libiyyi.Libiyyit.Libiyyi.Libiyyi.
			}
		}
		phoenician = {}
		hebrew = {
			male_names = {
				Abraham Abtalyon Abihayyil Abiyyah Adam Adu_ Aharon Ahazay Alim Amas Amittay Amotz
				Atalyah Azaryahu Babba Baruk Benaya Bunay Buta Binyamin Daniyyel David El_azar
				Eli Elisha_ Eliyyahu Elnatan Elyaqum Eytan Ezra Gamla Gamli_el Gebiha
				Gid_on Guryon Haggay Hanan Hanan_el Hananyah Hanila_i Hasina_i Hayyim
				Hillel Hilqiyahu Hiyya Hizqiyahu Honi Honiyyo Hoshe_ Hutzpit Iyyob Kaleb Levi Mahalal_el
				Mal_aki Mardakay Mattay Mattityahu Me_ir Menahem Menashshe Mika_el
				Mikayyahu Moshe Nahum Natan Natan_el Nehemyah Nehunyah Neriyyah Nittay
				No_am Nuri Obadyah Patza_el Perahyah Pesisa Pinhas Qayyapa Shama_yah
				Shammay Shamu_el Sha_ul Shetah Shim_on Sholomo Tabbay Tabi Tobiyyah
				Tzadoq Tzepanyah Uzzi_el Ya_qob Yannay Yared Yedidyah Yehezqiyah
				Yeho_azar Yehohanan Yehoshu_ Yehoyaqim Yehuda Yarmiyahu Yishay Yishma_el
				Yisra_el Yitro Yitzhaq Yo_el Yohanan Yona Yonatan Yosep Yoshu_ Yotam
				Zakkay Zebadyah Zekaryah Zerubbabel
			}

			female_names = {
				Abigayyil Abihayyil Abiyyah Ahino_m Asnat Atalyah Beruryah Debora Dina
				Elisheba_ Eprat Ester Hadassa Hannah Havva Hayya Heptzibah Hulda
				Immashalom Le_a Mahalat Marta Maryam Mazal Milka Maryam Na_omi Orpa
				Peninna Qetzi_a Rahab Rahel Ribqa Rut Sara Shelomtziyyon Shalomit Shipra
				Shoshanna Tamar Tzappira Tzeruyyah Tzibya Tzippora Ya_el Yedida
				Yehosheba_ Yehudit Yemima Yiska Yohana Yokebed
			}

			family = {
				Appus.Appuset.Appus.Appus
				Ashshuri.Ashshurit.Ashshuri.Ashshuri
				Babli.Bablit.Babli.Babli
				Batirayyi.Batirayyit.Batirayyid.Batirayyid
				Binyamini.Bat-Binyamini.Binyaminid.Binyaminid
				Dani.Bat-Dani.Danid.Danid
				Edomi.Edomit.Edomi.Edomi
				El_azari.El_azarit.El_azarid.El_azarid
				Eprayyi.Bat-'Eprayyi.Eprayyid.Eprayyid
				Galili.Galilit.Galili.Galili
				Gil_adi.Gil_adit.Gil_adi.Gil_adi
				Hashmonay.Hashmonayyit.Hashmonay.Hashmonay
				Hitzoni.Hitzonit.Hitzoni.Hitzoni
				Hurqanos.Hurqanit.Hurqanid.Hurqanid
				Ibri.Ibrit.Ibri.Ibri
				Kohen.Bat-Kohen.Kohen.Kohen
				Levi.Bat-Levi.Levi.Levi
				Maymoni.Maymonit.Maymonid.Maymonid
				ha-Makkabbi.ha-Makkabbi̇.Makkabbi.Makkabbi
				Matri.Matrit.Matrid.Matrid
				Menashshi.Bat-Menashshi.Menashshid.Menashshid
				Nuri.Nurit.Nurid.Nurid
				Ossayyi.Ossayyit.Ossayyi.Ossayyi
				Parushi.Parushit.Parushi.Parushi
				ha-Qannay.ha-Qannayyit.Qannay.Qannay
				Shim_oni.Bat-Shim'oni.Shim_onid.Shim_onid
				Tassi.Tassit.Tassi.Tassi
				Tzadoqi.Tzadoqit.Tzadoqi.Tzadoqi
				Yannayyi.Yannayit.Yannayyid.Yannayyid
				Ya_qobi.Ya_qobit.Ya_qobid.Ya_qobid
				Yishayyi.Yishayyit.Yishayyid.Yishayyid
				Yisra_eli.Yisra_elit.Yisra_elid.Yisra_elid
				Yosepi.Yosepit.Yosepid.Yosepid
			}
		}
		nabatean = {
			levy_template = levy_nabatean
      male_names = {
				 Abiyasa Abraha Alhan Amdan Amkarib Ammdhakhar
				 Ammshafiq Ammyitha Abkarib Abyada Bi_athtar
				 Dhamar_ali Dhamarkarib Fara_karib Ghaylan Hasan
				 Hawfi_amm Hawfi_athat Hayu Hufn Il_azz Ilrayum
				 Ilsama Ilsharah Ilyafa Karib_il Khalkarib Ma_ad_il
				 Ma_adkarib Mabhad Malikkarib Marthad Marthad_ilum
				 Mas_ud Muhaqim Muratta Nabat Nabatali Nasha_karib
				 Ra_ab_il Rabbshams Sa_dshams Shahr Shamdar Shammar
				 Sharah_il Simyafa Sumhu_ali Sumhuyafa Tha_ran
				 Tubba_karib Wahab Waqah_il Waraw_il Watar Yada_ab
				 Yada_ib Yada_il Yadhmurmalik Yakribmalik Yashhur_il
				 Yashhurmalik Yasir Yasuduq_il Yazil Yigal Yitha_amar
				 Yitha_il Yuhaqam Yuhar_il Yusuf
			}
      female_names = {
				 Adiya Baslu Gamilath Hind Huldu Layla Mamah Maryam Masah
				 Mawiya Shagilath Shamsi Suhaimah Tabua Te_lkhunu Yapa
				 Yathi_eh Yutab Zabibah Zarqa
			}
			family = {
				Abiatarus.Abiatarid.Abiatarid.Abiatarid
				Akabonus.Akabonid.Akabonid.Akabonid
				Amitus.Amitid.Amitid.Amitid
				Amrame.Amramid.Amramid.Amramid
				Boaz.Boazid.Boazid.Boazid
				Dorid.Dorid.Dorid.Dorid
				Dovet.Dovet.Dovet.Dovetid
				Eiranid.Eiranid.Eiranid.Eiranid
				Eleazor.Eleazor.Eleazors.Eleazid
				Hero.Hero.Heros.Heronid
				Honioid.Honioid.Honioid.Honioid
				Hillelid.Hillelid.Hillelid.Hillelid
				Joazi.Joazi.Joazid.Joazid
				Kahani.Kahani.Kahanid.Kahanid
				Nahumi.Nahumi.Nahumid.Nahumid
				Niri.Niri.Nirid.Nirid
				Nogahi.Nogahi.Nogahid.Nogahid
				Oferi.Oferi.Oferid.Oferid
				Omri.Omri.Omrid.Omrid
				Pinchasi.Pinchasi.Pinchasid.Pinchasid
				Raanani.Raanani.Raananid.Raananid
				Shemidi.Shemidi.Shemidid.Shemidid
				Shemidi.Shemidi.Shemidid.Shemidid
				Yairi.Yairi.Yairid.Yairid
				Ameli.Ameli.Amelis.Amelid
				Ghaylani.Ghaylani.Ghaylani.Ghaylanid
				Kidati.Kidati.Kidatid.Kidatid
				Kahlani.Kahlani.Kahlanid.Kahlanid
				Adhdi.Adhdi.Adhdid.Adhdid
				Dhahrani.Dhahrani.Dhahranid.Dhahranid
				Madhini.Madhini.Madhinid.Madhinid
				Hamadani.Hamadani.Hamadanid.Hamadanid
				Hashidimi.Hashidimi.Hashidimid.Hashidimid
				Bakili.Bakili.Bakilid.Bakilid
				Lakhmi.Lakhmi.Lakhmid.Lakhmid
				Gudhami.Gudhami.Gudhamid.Gudhamid
				Qudai.Qudai.Qudanian.Qudanian
				Guhani.Guhani.Guhanid.Guhanid
				Salihi.Salihi.Salihid.Salihid
				Saksaki.Saksaki.Saksakid.Saksakid
				Kalbi.Kalbi.Kalbid.Kalbid
				Ashari.Ashari.Asharid.Asharid
			}
    }
	}

	barbarian_names = {
		SARAKENOI ITOURAIOI SCENITAE HEMESENOI ZABADAIOI AOUIDENOI CHALUTAIOI AGRAIOI EPIMARANITAE
	}

	graphical_culture = carthaginian_gfx
	ethnicities = {
		10 = levantine
	}
}
